index,length,material,elastic_modulus,yield_strength,density,strength_method,safety_factor,section_width,section_wall
0,3,steel,2e11,2.5e8,7850,aisc_360_16,1.67,0.1,0.005
1,3,steel,2e11,2.5e8,7850,aisc_360_16,1.67,0.1,0.005
2,3,gfrp,2.3e10,2e8,1900,yield_euler,3,0.15,0.01
3,3.05,steel,2e11,2.5e8,7850,aisc_360_16,1.67,0.1,0.005
4,3,steel,2e11,2.5e8,7850,aisc_360_16,1.67,0.1,0.005
5,3,gfrp,2.3e10,2e8,1900,yield_euler,3,0.15,0.01
6,3.05,steel,2e11,2.5e8,7850,aisc_360_16,1.67,0.1,0.005
7,3,steel,2e11,2.5e8,7850,aisc_360_16,1.67,0.1,0.005
8,3,gfrp,2.3e10,2e8,1900,yield_euler,3,0.15,0.01
9,3.05,steel,2e11,2.5e8,7850,aisc_360_16,1.67,0.1,0.005
10,3,steel,2e11,2.5e8,7850,aisc_360_16,1.67,0.1,0.005
11,3.05,gfrp,2.3e10,2e8,1900,yield_euler,3,0.15,0.01
12,3,steel,2e11,2.5e8,7850,aisc_360_16,1.67,0.1,0.005
13,3,steel,2e11,2.5e8,7850,aisc_360_16,1.67,0.1,0.005
14,3,gfrp,2.3e10,2e8,1900,yield_euler,3,0.15,0.01
15,3,steel,2e11,2.5e8,7850,aisc_360_16,1.67,0.1,0.005
16,3,steel,2e11,2.5e8,7850,aisc_360_16,1.67,0.1,0.005
17,3,gfrp,2.3e10,2e8,1900,yield_euler,3,0.15,0.01
18,3,steel,2e11,2.5e8,7850,aisc_360_16,1.67,0.1,0.005
19,3,steel,2e11,2.5e8,7850,aisc_360_16,1.67,0.1,0.005
20,3.05,gfrp,2.3e10,2e8,1900,yield_euler,3,0.15,0.01
21,3,steel,2e11,2.5e8,7850,aisc_360_16,1.67,0.1,0.005
22,3,steel,2e11,2.5e8,7850,aisc_360_16,1.67,0.1,0.005
23,3.05,gfrp,2.3e10,2e8,1900,yield_euler,3,0.15,0.01
24,3,steel,2e11,2.5e8,7850,aisc_360_16,1.67,0.1,0.005
25,3,steel,2e11,2.5e8,7850,aisc_360_16,1.67,0.1,0.005
26,3.05,gfrp,2.3e10,2e8,1900,yield_euler,3,0.15,0.01
27,3.05,steel,2e11,2.5e8,7850,aisc_360_16,1.67,0.1,0.005
28,3.05,steel,2e11,2.5e8,7850,aisc_360_16,1.67,0.1,0.005
29,3,gfrp,2.3e10,2e8,1900,yield_euler,3,0.15,0.01
30,3.05,steel,2e11,2.5e8,7850,aisc_360_16,1.67,0.1,0.005
31,3.05,steel,2e11,2.5e8,7850,aisc_360_16,1.67,0.1,0.005
32,3,gfrp,2.3e10,2e8,1900,yield_euler,3,0.15,0.01
33,3,steel,2e11,2.5e8,7850,aisc_360_16,1.67,0.1,0.005
34,3,steel,2e11,2.5e8,7850,aisc_360_16,1.67,0.1,0.005
35,3,gfrp,2.3e10,2e8,1900,yield_euler,3,0.15,0.01
36,3.05,steel,2e11,2.5e8,7850,aisc_360_16,1.67,0.1,0.005
37,3,steel,2e11,2.5e8,7850,aisc_360_16,1.67,0.1,0.005
38,3,gfrp,2.3e10,2e8,1900,yield_euler,3,0.15,0.01
39,3,steel,2e11,2.5e8,7850,aisc_360_16,1.67,0.1,0.005
40,3,steel,2e11,2.5e8,7850,aisc_360_16,1.67,0.1,0.005
41,3.05,gfrp,2.3e10,2e8,1900,yield_euler,3,0.15,0.01
42,3,steel,2e11,2.5e8,7850,aisc_360_16,1.67,0.1,0.005
43,3.05,steel,2e11,2.5e8,7850,aisc_360_16,1.67,0.1,0.005
44,3,gfrp,2.3e10,2e8,1900,yield_euler,3,0.15,0.01
45,3.05,steel,2e11,2.5e8,7850,aisc_360_16,1.67,0.1,0.005
46,3.05,steel,2e11,2.5e8,7850,aisc_360_16,1.67,0.1,0.005
47,3,gfrp,2.3e10,2e8,1900,yield_euler,3,0.15,0.01
48,3,steel,2e11,2.5e8,7850,aisc_360_16,1.67,0.1,0.005
49,3.05,steel,2e11,2.5e8,7850,aisc_360_16,1.67,0.1,0.005
50,3.05,gfrp,2.3e10,2e8,1900,yield_euler,3,0.15,0.01
51,3.05,steel,2e11,2.5e8,7850,aisc_360_16,1.67,0.1,0.005
52,3,steel,2e11,2.5e8,7850,aisc_360_16,1.67,0.1,0.005
53,3,gfrp,2.3e10,2e8,1900,yield_euler,3,0.15,0.01
54,3,steel,2e11,2.5e8,7850,aisc_360_16,1.67,0.1,0.005
55,3.05,steel,2e11,2.5e8,7850,aisc_360_16,1.67,0.1,0.005
56,3.05,gfrp,2.3e10,2e8,1900,yield_euler,3,0.15,0.01
57,3,steel,2e11,2.5e8,7850,aisc_360_16,1.67,0.1,0.005
58,3.05,steel,2e11,2.5e8,7850,aisc_360_16,1.67,0.1,0.005
59,3,gfrp,2.3e10,2e8,1900,yield_euler,3,0.15,0.01
60,3.05,steel,2e11,2.5e8,7850,aisc_360_16,1.67,0.1,0.005
61,3,steel,2e11,2.5e8,7850,aisc_360_16,1.67,0.1,0.005
62,3,gfrp,2.3e10,2e8,1900,yield_euler,3,0.15,0.01
63,3.05,steel,2e11,2.5e8,7850,aisc_360_16,1.67,0.1,0.005
64,3.05,steel,2e11,2.5e8,7850,aisc_360_16,1.67,0.1,0.005
65,3,gfrp,2.3e10,2e8,1900,yield_euler,3,0.15,0.01
66,3,steel,2e11,2.5e8,7850,aisc_360_16,1.67,0.1,0.005
67,3,steel,2e11,2.5e8,7850,aisc_360_16,1.67,0.1,0.005
68,3.05,gfrp,2.3e10,2e8,1900,yield_euler,3,0.15,0.01
69,3,steel,2e11,2.5e8,7850,aisc_360_16,1.67,0.1,0.005
70,3,steel,2e11,2.5e8,7850,aisc_360_16,1.67,0.1,0.005
71,3,gfrp,2.3e10,2e8,1900,yield_euler,3,0.15,0.01
72,3,steel,2e11,2.5e8,7850,aisc_360_16,1.67,0.1,0.005
73,3,steel,2e11,2.5e8,7850,aisc_360_16,1.67,0.1,0.005
74,3.05,gfrp,2.3e10,2e8,1900,yield_euler,3,0.15,0.01
75,3,steel,2e11,2.5e8,7850,aisc_360_16,1.67,0.1,0.005
76,3,steel,2e11,2.5e8,7850,aisc_360_16,1.67,0.1,0.005
77,3.05,gfrp,2.3e10,2e8,1900,yield_euler,3,0.15,0.01
78,3,steel,2e11,2.5e8,7850,aisc_360_16,1.67,0.1,0.005
79,3.05,steel,2e11,2.5e8,7850,aisc_360_16,1.67,0.1,0.005
80,3,gfrp,2.3e10,2e8,1900,yield_euler,3,0.15,0.01
81,3,steel,2e11,2.5e8,7850,aisc_360_16,1.67,0.1,0.005
82,3.05,steel,2e11,2.5e8,7850,aisc_360_16,1.67,0.1,0.005
83,3,gfrp,2.3e10,2e8,1900,yield_euler,3,0.15,0.01
84,3,steel,2e11,2.5e8,7850,aisc_360_16,1.67,0.1,0.005
85,3.05,steel,2e11,2.5e8,7850,aisc_360_16,1.67,0.1,0.005
86,3,gfrp,2.3e10,2e8,1900,yield_euler,3,0.15,0.01
87,3,steel,2e11,2.5e8,7850,aisc_360_16,1.67,0.1,0.005
88,3.05,steel,2e11,2.5e8,7850,aisc_360_16,1.67,0.1,0.005
89,3,gfrp,2.3e10,2e8,1900,yield_euler,3,0.15,0.01
90,3,steel,2e11,2.5e8,7850,aisc_360_16,1.67,0.1,0.005
91,3,steel,2e11,2.5e8,7850,aisc_360_16,1.67,0.1,0.005
92,3,gfrp,2.3e10,2e8,1900,yield_euler,3,0.15,0.01
93,3,steel,2e11,2.5e8,7850,aisc_360_16,1.67,0.1,0.005
94,3,steel,2e11,2.5e8,7850,aisc_360_16,1.67,0.1,0.005
95,3,gfrp,2.3e10,2e8,1900,yield_euler,3,0.15,0.01
96,3.05,steel,2e11,2.5e8,7850,aisc_360_16,1.67,0.1,0.005
97,3,steel,2e11,2.5e8,7850,aisc_360_16,1.67,0.1,0.005
98,3.05,gfrp,2.3e10,2e8,1900,yield_euler,3,0.15,0.01
99,3.05,steel,2e11,2.5e8,7850,aisc_360_16,1.67,0.1,0.005
100,3,steel,2e11,2.5e8,7850,aisc_360_16,1.67,0.1,0.005
101,3,gfrp,2.3e10,2e8,1900,yield_euler,3,0.15,0.01
102,3.05,steel,2e11,2.5e8,7850,aisc_360_16,1.67,0.1,0.005
103,3,steel,2e11,2.5e8,7850,aisc_360_16,1.67,0.1,0.005
104,3.05,gfrp,2.3e10,2e8,1900,yield_euler,3,0.15,0.01
105,3,steel,2e11,2.5e8,7850,aisc_360_16,1.67,0.1,0.005
106,3.05,steel,2e11,2.5e8,7850,aisc_360_16,1.67,0.1,0.005
107,3,gfrp,2.3e10,2e8,1900,yield_euler,3,0.15,0.01
108,3,steel,2e11,2.5e8,7850,aisc_360_16,1.67,0.1,0.005
109,3,steel,2e11,2.5e8,7850,aisc_360_16,1.67,0.1,0.005
110,3,gfrp,2.3e10,2e8,1900,yield_euler,3,0.15,0.01
111,3,steel,2e11,2.5e8,7850,aisc_360_16,1.67,0.1,0.005
112,3.05,steel,2e11,2.5e8,7850,aisc_360_16,1.67,0.1,0.005
113,3.05,gfrp,2.3e10,2e8,1900,yield_euler,3,0.15,0.01
114,3,steel,2e11,2.5e8,7850,aisc_360_16,1.67,0.1,0.005
115,3,steel,2e11,2.5e8,7850,aisc_360_16,1.67,0.1,0.005
116,3.05,gfrp,2.3e10,2e8,1900,yield_euler,3,0.15,0.01
117,3.05,steel,2e11,2.5e8,7850,aisc_360_16,1.67,0.1,0.005
118,3,steel,2e11,2.5e8,7850,aisc_360_16,1.67,0.1,0.005
119,3.05,gfrp,2.3e10,2e8,1900,yield_euler,3,0.15,0.01
120,4.2927,steel,2e11,2.5e8,7850,aisc_360_16,1.67,0.1,0.005
121,4.2927,steel,2e11,2.5e8,7850,aisc_360_16,1.67,0.1,0.005
122,4.2427,gfrp,2.3e10,2e8,1900,yield_euler,3,0.15,0.01
123,4.2427,steel,2e11,2.5e8,7850,aisc_360_16,1.67,0.1,0.005
124,4.2927,steel,2e11,2.5e8,7850,aisc_360_16,1.67,0.1,0.005
125,4.2427,gfrp,2.3e10,2e8,1900,yield_euler,3,0.15,0.01
126,4.2927,steel,2e11,2.5e8,7850,aisc_360_16,1.67,0.1,0.005
127,4.2427,steel,2e11,2.5e8,7850,aisc_360_16,1.67,0.1,0.005
128,4.2427,gfrp,2.3e10,2e8,1900,yield_euler,3,0.15,0.01
129,4.2427,steel,2e11,2.5e8,7850,aisc_360_16,1.67,0.1,0.005
130,4.2427,steel,2e11,2.5e8,7850,aisc_360_16,1.67,0.1,0.005
131,4.2427,gfrp,2.3e10,2e8,1900,yield_euler,3,0.15,0.01
132,4.2927,steel,2e11,2.5e8,7850,aisc_360_16,1.67,0.1,0.005
133,4.2427,steel,2e11,2.5e8,7850,aisc_360_16,1.67,0.1,0.005
134,4.2427,gfrp,2.3e10,2e8,1900,yield_euler,3,0.15,0.01
135,4.2427,steel,2e11,2.5e8,7850,aisc_360_16,1.67,0.1,0.005
136,4.2427,steel,2e11,2.5e8,7850,aisc_360_16,1.67,0.1,0.005
137,4.2427,gfrp,2.3e10,2e8,1900,yield_euler,3,0.15,0.01
138,4.2427,steel,2e11,2.5e8,7850,aisc_360_16,1.67,0.1,0.005
139,4.2927,steel,2e11,2.5e8,7850,aisc_360_16,1.67,0.1,0.005
140,4.2427,gfrp,2.3e10,2e8,1900,yield_euler,3,0.15,0.01
141,4.2427,steel,2e11,2.5e8,7850,aisc_360_16,1.67,0.1,0.005
142,4.2427,steel,2e11,2.5e8,7850,aisc_360_16,1.67,0.1,0.005
143,4.2427,gfrp,2.3e10,2e8,1900,yield_euler,3,0.15,0.01
144,4.2427,steel,2e11,2.5e8,7850,aisc_360_16,1.67,0.1,0.005
145,4.2427,steel,2e11,2.5e8,7850,aisc_360_16,1.67,0.1,0.005
146,4.2427,gfrp,2.3e10,2e8,1900,yield_euler,3,0.15,0.01
147,4.2427,steel,2e11,2.5e8,7850,aisc_360_16,1.67,0.1,0.005
148,4.2927,steel,2e11,2.5e8,7850,aisc_360_16,1.67,0.1,0.005
149,4.2427,gfrp,2.3e10,2e8,1900,yield_euler,3,0.15,0.01
150,4.2427,steel,2e11,2.5e8,7850,aisc_360_16,1.67,0.1,0.005
151,4.2427,steel,2e11,2.5e8,7850,aisc_360_16,1.67,0.1,0.005
152,4.2927,gfrp,2.3e10,2e8,1900,yield_euler,3,0.15,0.01
153,4.2427,steel,2e11,2.5e8,7850,aisc_360_16,1.67,0.1,0.005
154,4.2927,steel,2e11,2.5e8,7850,aisc_360_16,1.67,0.1,0.005
155,4.2427,gfrp,2.3e10,2e8,1900,yield_euler,3,0.15,0.01
156,4.2427,steel,2e11,2.5e8,7850,aisc_360_16,1.67,0.1,0.005
157,4.2927,steel,2e11,2.5e8,7850,aisc_360_16,1.67,0.1,0.005
158,4.2427,gfrp,2.3e10,2e8,1900,yield_euler,3,0.15,0.01
159,4.2427,steel,2e11,2.5e8,7850,aisc_360_16,1.67,0.1,0.005
160,4.2427,steel,2e11,2.5e8,7850,aisc_360_16,1.67,0.1,0.005
161,4.2427,gfrp,2.3e10,2e8,1900,yield_euler,3,0.15,0.01
162,4.2427,steel,2e11,2.5e8,7850,aisc_360_16,1.67,0.1,0.005
163,4.2427,steel,2e11,2.5e8,7850,aisc_360_16,1.67,0.1,0.005
164,4.2427,gfrp,2.3e10,2e8,1900,yield_euler,3,0.15,0.01
165,4.2927,steel,2e11,2.5e8,7850,aisc_360_16,1.67,0.1,0.005
166,4.2427,steel,2e11,2.5e8,7850,aisc_360_16,1.67,0.1,0.005
167,4.2427,gfrp,2.3e10,2e8,1900,yield_euler,3,0.15,0.01
168,4.2427,steel,2e11,2.5e8,7850,aisc_360_16,1.67,0.1,0.005
169,4.2927,steel,2e11,2.5e8,7850,aisc_360_16,1.67,0.1,0.005
170,4.2427,gfrp,2.3e10,2e8,1900,yield_euler,3,0.15,0.01
171,4.2427,steel,2e11,2.5e8,7850,aisc_360_16,1.67,0.1,0.005
172,4.2427,steel,2e11,2.5e8,7850,aisc_360_16,1.67,0.1,0.005
173,4.2427,gfrp,2.3e10,2e8,1900,yield_euler,3,0.15,0.01
174,4.2427,steel,2e11,2.5e8,7850,aisc_360_16,1.67,0.1,0.005
175,4.2427,steel,2e11,2.5e8,7850,aisc_360_16,1.67,0.1,0.005
176,4.2927,gfrp,2.3e10,2e8,1900,yield_euler,3,0.15,0.01
177,4.2427,steel,2e11,2.5e8,7850,aisc_360_16,1.67,0.1,0.005
178,4.2927,steel,2e11,2.5e8,7850,aisc_360_16,1.67,0.1,0.005
179,4.2927,gfrp,2.3e10,2e8,1900,yield_euler,3,0.15,0.01
180,4.2427,steel,2e11,2.5e8,7850,aisc_360_16,1.67,0.1,0.005
181,4.2427,steel,2e11,2.5e8,7850,aisc_360_16,1.67,0.1,0.005
182,4.2927,gfrp,2.3e10,2e8,1900,yield_euler,3,0.15,0.01
183,4.2927,steel,2e11,2.5e8,7850,aisc_360_16,1.67,0.1,0.005
184,4.2927,steel,2e11,2.5e8,7850,aisc_360_16,1.67,0.1,0.005
185,4.2927,gfrp,2.3e10,2e8,1900,yield_euler,3,0.15,0.01
186,4.2927,steel,2e11,2.5e8,7850,aisc_360_16,1.67,0.1,0.005
187,4.2927,steel,2e11,2.5e8,7850,aisc_360_16,1.67,0.1,0.005
188,4.2427,gfrp,2.3e10,2e8,1900,yield_euler,3,0.15,0.01
189,4.2427,steel,2e11,2.5e8,7850,aisc_360_16,1.67,0.1,0.005
190,4.2927,steel,2e11,2.5e8,7850,aisc_360_16,1.67,0.1,0.005
191,4.2927,gfrp,2.3e10,2e8,1900,yield_euler,3,0.15,0.01
192,4.2427,steel,2e11,2.5e8,7850,aisc_360_16,1.67,0.1,0.005
193,4.2427,steel,2e11,2.5e8,7850,aisc_360_16,1.67,0.1,0.005
194,4.2427,gfrp,2.3e10,2e8,1900,yield_euler,3,0.15,0.01
195,4.2427,steel,2e11,2.5e8,7850,aisc_360_16,1.67,0.1,0.005
196,4.2427,steel,2e11,2.5e8,7850,aisc_360_16,1.67,0.1,0.005
197,4.2427,gfrp,2.3e10,2e8,1900,yield_euler,3,0.15,0.01
198,4.2927,steel,2e11,2.5e8,7850,aisc_360_16,1.67,0.1,0.005
199,4.2427,steel,2e11,2.5e8,7850,aisc_360_16,1.67,0.1,0.005
200,4.2427,gfrp,2.3e10,2e8,1900,yield_euler,3,0.15,0.01
201,4.2427,steel,2e11,2.5e8,7850,aisc_360_16,1.67,0.1,0.005
202,4.2427,steel,2e11,2.5e8,7850,aisc_360_16,1.67,0.1,0.005
203,4.2427,gfrp,2.3e10,2e8,1900,yield_euler,3,0.15,0.01
204,4.2427,steel,2e11,2.5e8,7850,aisc_360_16,1.67,0.1,0.005
205,4.2427,steel,2e11,2.5e8,7850,aisc_360_16,1.67,0.1,0.005
206,4.2427,gfrp,2.3e10,2e8,1900,yield_euler,3,0.15,0.01
207,4.2427,steel,2e11,2.5e8,7850,aisc_360_16,1.67,0.1,0.005
208,4.2927,steel,2e11,2.5e8,7850,aisc_360_16,1.67,0.1,0.005
209,4.2427,gfrp,2.3e10,2e8,1900,yield_euler,3,0.15,0.01
210,4.2427,steel,2e11,2.5e8,7850,aisc_360_16,1.67,0.1,0.005
211,4.2427,steel,2e11,2.5e8,7850,aisc_360_16,1.67,0.1,0.005
212,4.2927,gfrp,2.3e10,2e8,1900,yield_euler,3,0.15,0.01
213,4.2427,steel,2e11,2.5e8,7850,aisc_360_16,1.67,0.1,0.005
214,4.2927,steel,2e11,2.5e8,7850,aisc_360_16,1.67,0.1,0.005
215,4.2427,gfrp,2.3e10,2e8,1900,yield_euler,3,0.15,0.01
216,4.2427,steel,2e11,2.5e8,7850,aisc_360_16,1.67,0.1,0.005
217,4.2927,steel,2e11,2.5e8,7850,aisc_360_16,1.67,0.1,0.005
218,4.2427,gfrp,2.3e10,2e8,1900,yield_euler,3,0.15,0.01
219,4.2427,steel,2e11,2.5e8,7850,aisc_360_16,1.67,0.1,0.005
220,4.2427,steel,2e11,2.5e8,7850,aisc_360_16,1.67,0.1,0.005
221,4.2927,gfrp,2.3e10,2e8,1900,yield_euler,3,0.15,0.01
222,4.2427,steel,2e11,2.5e8,7850,aisc_360_16,1.67,0.1,0.005
223,4.2427,steel,2e11,2.5e8,7850,aisc_360_16,1.67,0.1,0.005
224,4.2927,gfrp,2.3e10,2e8,1900,yield_euler,3,0.15,0.01
225,4.2427,steel,2e11,2.5e8,7850,aisc_360_16,1.67,0.1,0.005
226,4.2427,steel,2e11,2.5e8,7850,aisc_360_16,1.67,0.1,0.005
227,4.2927,gfrp,2.3e10,2e8,1900,yield_euler,3,0.15,0.01
228,4.2427,steel,2e11,2.5e8,7850,aisc_360_16,1.67,0.1,0.005
229,4.2427,steel,2e11,2.5e8,7850,aisc_360_16,1.67,0.1,0.005
230,4.2427,gfrp,2.3e10,2e8,1900,yield_euler,3,0.15,0.01
231,4.2427,steel,2e11,2.5e8,7850,aisc_360_16,1.67,0.1,0.005
232,4.2427,steel,2e11,2.5e8,7850,aisc_360_16,1.67,0.1,0.005
233,4.2427,gfrp,2.3e10,2e8,1900,yield_euler,3,0.15,0.01
234,4.2427,steel,2e11,2.5e8,7850,aisc_360_16,1.67,0.1,0.005
235,4.2427,steel,2e11,2.5e8,7850,aisc_360_16,1.67,0.1,0.005
236,4.2427,gfrp,2.3e10,2e8,1900,yield_euler,3,0.15,0.01
237,4.2427,steel,2e11,2.5e8,7850,aisc_360_16,1.67,0.1,0.005
238,4.2427,steel,2e11,2.5e8,7850,aisc_360_16,1.67,0.1,0.005
239,4.2427,gfrp,2.3e10,2e8,1900,yield_euler,3,0.15,0.01
240,4.6233,steel,2e11,2.5e8,7850,aisc_360_16,1.67,0.1,0.005
241,4.572,steel,2e11,2.5e8,7850,aisc_360_16,1.67,0.1,0.005
242,3.1325,gfrp,2.3e10,2e8,1900,yield_euler,3,0.15,0.01
243,4.3064,steel,2e11,2.5e8,7850,aisc_360_16,1.67,0.1,0.005
244,3.3399,steel,2e11,2.5e8,7850,aisc_360_16,1.67,0.1,0.005
245,1.6287,gfrp,2.3e10,2e8,1900,yield_euler,3,0.15,0.01
246,5.7362,steel,2e11,2.5e8,7850,aisc_360_16,1.67,0.1,0.005
247,2.4897,steel,2e11,2.5e8,7850,aisc_360_16,1.67,0.1,0.005
248,4.2954,gfrp,2.3e10,2e8,1900,yield_euler,3,0.15,0.01
249,5.5279,steel,2e11,2.5e8,7850,aisc_360_16,1.67,0.1,0.005
250,4.6698,steel,2e11,2.5e8,7850,aisc_360_16,1.67,0.1,0.005
251,2.1395,gfrp,2.3e10,2e8,1900,yield_euler,3,0.15,0.01
252,4.0361,steel,2e11,2.5e8,7850,aisc_360_16,1.67,0.1,0.005
253,1.0006,steel,2e11,2.5e8,7850,aisc_360_16,1.67,0.1,0.005
254,5.15,gfrp,2.3e10,2e8,1900,yield_euler,3,0.15,0.01
255,3.3512,steel,2e11,2.5e8,7850,aisc_360_16,1.67,0.1,0.005
256,5.4955,steel,2e11,2.5e8,7850,aisc_360_16,1.67,0.1,0.005
257,2.4564,gfrp,2.3e10,2e8,1900,yield_euler,3,0.15,0.01
258,1.7254,steel,2e11,2.5e8,7850,aisc_360_16,1.67,0.1,0.005
259,3.4787,steel,2e11,2.5e8,7850,aisc_360_16,1.67,0.1,0.005
260,3.2649,gfrp,2.3e10,2e8,1900,yield_euler,3,0.15,0.01
261,4.0005,steel,2e11,2.5e8,7850,aisc_360_16,1.67,0.1,0.005
262,3.8728,steel,2e11,2.5e8,7850,aisc_360_16,1.67,0.1,0.005
263,4.8362,gfrp,2.3e10,2e8,1900,yield_euler,3,0.15,0.01
264,4.6708,steel,2e11,2.5e8,7850,aisc_360_16,1.67,0.1,0.005
265,1.5734,steel,2e11,2.5e8,7850,aisc_360_16,1.67,0.1,0.005
266,1.8167,gfrp,2.3e10,2e8,1900,yield_euler,3,0.15,0.01
267,2.7038,steel,2e11,2.5e8,7850,aisc_360_16,1.67,0.1,0.005
268,4.9183,steel,2e11,2.5e8,7850,aisc_360_16,1.67,0.1,0.005
269,1.5996,gfrp,2.3e10,2e8,1900,yield_euler,3,0.15,0.01
270,3.2104,steel,2e11,2.5e8,7850,aisc_360_16,1.67,0.1,0.005
271,4.5206,steel,2e11,2.5e8,7850,aisc_360_16,1.67,0.1,0.005
272,5.9429,gfrp,2.3e10,2e8,1900,yield_euler,3,0.15,0.01
273,4.8457,steel,2e11,2.5e8,7850,aisc_360_16,1.67,0.1,0.005
274,3.0974,steel,2e11,2.5e8,7850,aisc_360_16,1.67,0.1,0.005
275,1.5651,gfrp,2.3e10,2e8,1900,yield_euler,3,0.15,0.01
276,3.8283,steel,2e11,2.5e8,7850,aisc_360_16,1.67,0.1,0.005
277,2.3936,steel,2e11,2.5e8,7850,aisc_360_16,1.67,0.1,0.005
278,4.9472,gfrp,2.3e10,2e8,1900,yield_euler,3,0.15,0.01
279,4.4773,steel,2e11,2.5e8,7850,aisc_360_16,1.67,0.1,0.005
